State,Country,County Name,Full County Name,Cases,Update Time,Source
Washington,USA,  King,"King, Washington",420,2020-03-16 03:00:00,http://nssac.bii.virginia.edu/covid-19/dashboard/data/nssac-ncov-sd-03-16-2020.csv
Washington,USA, Snohomish,"Snohomish, Washington",176,2020-03-16 03:00:00,http://nssac.bii.virginia.edu/covid-19/dashboard/data/nssac-ncov-sd-03-16-2020.csv
Washington,USA, unknown,"unknown, Washington",102,2020-03-16 03:00:00,http://nssac.bii.virginia.edu/covid-19/dashboard/data/nssac-ncov-sd-03-16-2020.csv
Washington,USA, Pierce,"Pierce, Washington",29,2020-03-16 03:00:00,http://nssac.bii.virginia.edu/covid-19/dashboard/data/nssac-ncov-sd-03-16-2020.csv
Washington,USA, Island,"Island, Washington",6,2020-03-16 03:00:00,http://nssac.bii.virginia.edu/covid-19/dashboard/data/nssac-ncov-sd-03-16-2020.csv
Washington,USA, Skagit,"Skagit, Washington",4,2020-03-16 03:00:00,http://nssac.bii.virginia.edu/covid-19/dashboard/data/nssac-ncov-sd-03-16-2020.csv
Washington,USA, Yakima,"Yakima, Washington",4,2020-03-16 03:00:00,http://nssac.bii.virginia.edu/covid-19/dashboard/data/nssac-ncov-sd-03-16-2020.csv
Washington,USA, Kittitas,"Kittitas, Washington",3,2020-03-16 03:00:00,http://nssac.bii.virginia.edu/covid-19/dashboard/data/nssac-ncov-sd-03-16-2020.csv
Washington,USA, Whatcom,"Whatcom, Washington",3,2020-03-16 03:00:00,http://nssac.bii.virginia.edu/covid-19/dashboard/data/nssac-ncov-sd-03-16-2020.csv
Washington,USA, Grant,"Grant, Washington",3,2020-03-16 03:00:00,http://nssac.bii.virginia.edu/covid-19/dashboard/data/nssac-ncov-sd-03-16-2020.csv
Washington,USA, Kitsap,"Kitsap, Washington",3,2020-03-16 03:00:00,http://nssac.bii.virginia.edu/covid-19/dashboard/data/nssac-ncov-sd-03-16-2020.csv
Washington,USA, Jefferson,"Jefferson, Washington",3,2020-03-16 03:00:00,http://nssac.bii.virginia.edu/covid-19/dashboard/data/nssac-ncov-sd-03-16-2020.csv
Washington,USA, Spokane,"Spokane, Washington",3,2020-03-16 03:00:00,http://nssac.bii.virginia.edu/covid-19/dashboard/data/nssac-ncov-sd-03-16-2020.csv
Washington,USA, Clark,"Clark, Washington",3,2020-03-16 03:00:00,http://nssac.bii.virginia.edu/covid-19/dashboard/data/nssac-ncov-sd-03-16-2020.csv
Washington,USA, Thurston,"Thurston, Washington",3,2020-03-16 03:00:00,http://nssac.bii.virginia.edu/covid-19/dashboard/data/nssac-ncov-sd-03-16-2020.csv
Washington,USA, Lincoln,"Lincoln, Washington",1,2020-03-16 03:00:00,http://nssac.bii.virginia.edu/covid-19/dashboard/data/nssac-ncov-sd-03-16-2020.csv
Washington,USA, Columbia,"Columbia, Washington",1,2020-03-16 03:00:00,http://nssac.bii.virginia.edu/covid-19/dashboard/data/nssac-ncov-sd-03-16-2020.csv
Washington,USA, Grays Harbor,"Grays Harbor, Washington",1,2020-03-16 03:00:00,http://nssac.bii.virginia.edu/covid-19/dashboard/data/nssac-ncov-sd-03-16-2020.csv
Washington,USA, Cowlitz,"Cowlitz, Washington",1,2020-03-16 03:00:00,http://nssac.bii.virginia.edu/covid-19/dashboard/data/nssac-ncov-sd-03-16-2020.csv
New York,USA,  New York,"New York, New York",329,2020-03-16 03:00:00,http://nssac.bii.virginia.edu/covid-19/dashboard/data/nssac-ncov-sd-03-16-2020.csv
New York,USA, Westchester,"Westchester, New York",196,2020-03-16 03:00:00,http://nssac.bii.virginia.edu/covid-19/dashboard/data/nssac-ncov-sd-03-16-2020.csv
New York,USA, Nassau,"Nassau, New York",98,2020-03-16 03:00:00,http://nssac.bii.virginia.edu/covid-19/dashboard/data/nssac-ncov-sd-03-16-2020.csv
New York,USA, Suffolk,"Suffolk, New York",47,2020-03-16 03:00:00,http://nssac.bii.virginia.edu/covid-19/dashboard/data/nssac-ncov-sd-03-16-2020.csv
New York,USA, Rockland,"Rockland, New York",13,2020-03-16 03:00:00,http://nssac.bii.virginia.edu/covid-19/dashboard/data/nssac-ncov-sd-03-16-2020.csv
New York,USA, Albany,"Albany, New York",11,2020-03-16 03:00:00,http://nssac.bii.virginia.edu/covid-19/dashboard/data/nssac-ncov-sd-03-16-2020.csv
New York,USA, Monroe,"Monroe, New York",10,2020-03-16 03:00:00,http://nssac.bii.virginia.edu/covid-19/dashboard/data/nssac-ncov-sd-03-16-2020.csv
New York,USA, Erie,"Erie, New York",7,2020-03-16 03:00:00,http://nssac.bii.virginia.edu/covid-19/dashboard/data/nssac-ncov-sd-03-16-2020.csv
New York,USA, Dutchess,"Dutchess, New York",7,2020-03-16 03:00:00,http://nssac.bii.virginia.edu/covid-19/dashboard/data/nssac-ncov-sd-03-16-2020.csv
New York,USA, Orange,"Orange, New York",6,2020-03-16 03:00:00,http://nssac.bii.virginia.edu/covid-19/dashboard/data/nssac-ncov-sd-03-16-2020.csv
New York,USA, Ulster,"Ulster, New York",5,2020-03-16 03:00:00,http://nssac.bii.virginia.edu/covid-19/dashboard/data/nssac-ncov-sd-03-16-2020.csv
New York,USA, Saratoga,"Saratoga, New York",3,2020-03-16 03:00:00,http://nssac.bii.virginia.edu/covid-19/dashboard/data/nssac-ncov-sd-03-16-2020.csv
New York,USA, Putnam,"Putnam, New York",2,2020-03-16 03:00:00,http://nssac.bii.virginia.edu/covid-19/dashboard/data/nssac-ncov-sd-03-16-2020.csv
New York,USA, Greene,"Greene, New York",2,2020-03-16 03:00:00,http://nssac.bii.virginia.edu/covid-19/dashboard/data/nssac-ncov-sd-03-16-2020.csv
New York,USA, Allegany,"Allegany, New York",2,2020-03-16 03:00:00,http://nssac.bii.virginia.edu/covid-19/dashboard/data/nssac-ncov-sd-03-16-2020.csv
New York,USA, Schenectady,"Schenectady, New York",2,2020-03-16 03:00:00,http://nssac.bii.virginia.edu/covid-19/dashboard/data/nssac-ncov-sd-03-16-2020.csv
New York,USA, Herkimer,"Herkimer, New York",1,2020-03-16 03:00:00,http://nssac.bii.virginia.edu/covid-19/dashboard/data/nssac-ncov-sd-03-16-2020.csv
New York,USA, Tompkins,"Tompkins, New York",1,2020-03-16 03:00:00,http://nssac.bii.virginia.edu/covid-19/dashboard/data/nssac-ncov-sd-03-16-2020.csv
New York,USA, Broome,"Broome, New York",1,2020-03-16 03:00:00,http://nssac.bii.virginia.edu/covid-19/dashboard/data/nssac-ncov-sd-03-16-2020.csv
New York,USA, Delaware,"Delaware, New York",1,2020-03-16 03:00:00,http://nssac.bii.virginia.edu/covid-19/dashboard/data/nssac-ncov-sd-03-16-2020.csv
New York,USA, Montgomery,"Montgomery, New York",1,2020-03-16 03:00:00,http://nssac.bii.virginia.edu/covid-19/dashboard/data/nssac-ncov-sd-03-16-2020.csv
New York,USA, Tioga,"Tioga, New York",1,2020-03-16 03:00:00,http://nssac.bii.virginia.edu/covid-19/dashboard/data/nssac-ncov-sd-03-16-2020.csv
California,USA,  Santa Clara,"Santa Clara, California",114,2020-03-16 03:00:00,http://nssac.bii.virginia.edu/covid-19/dashboard/data/nssac-ncov-sd-03-16-2020.csv
California,USA, Los Angeles,"Los Angeles, California",69,2020-03-16 03:00:00,http://nssac.bii.virginia.edu/covid-19/dashboard/data/nssac-ncov-sd-03-16-2020.csv
California,USA, San Francisco,"San Francisco, California",37,2020-03-16 03:00:00,http://nssac.bii.virginia.edu/covid-19/dashboard/data/nssac-ncov-sd-03-16-2020.csv
California,USA, San Diego,"San Diego, California",35,2020-03-16 03:00:00,http://nssac.bii.virginia.edu/covid-19/dashboard/data/nssac-ncov-sd-03-16-2020.csv
California,USA, Sacramento,"Sacramento, California",32,2020-03-16 03:00:00,http://nssac.bii.virginia.edu/covid-19/dashboard/data/nssac-ncov-sd-03-16-2020.csv
California,USA, San Mateo,"San Mateo, California",31,2020-03-16 03:00:00,http://nssac.bii.virginia.edu/covid-19/dashboard/data/nssac-ncov-sd-03-16-2020.csv
California,USA, Contra Costa,"Contra Costa, California",29,2020-03-16 03:00:00,http://nssac.bii.virginia.edu/covid-19/dashboard/data/nssac-ncov-sd-03-16-2020.csv
California,USA, Orange,"Orange, California",17,2020-03-16 03:00:00,http://nssac.bii.virginia.edu/covid-19/dashboard/data/nssac-ncov-sd-03-16-2020.csv
California,USA, Alameda,"Alameda, California",15,2020-03-16 03:00:00,http://nssac.bii.virginia.edu/covid-19/dashboard/data/nssac-ncov-sd-03-16-2020.csv
California,USA, Riverside,"Riverside, California",14,2020-03-16 03:00:00,http://nssac.bii.virginia.edu/covid-19/dashboard/data/nssac-ncov-sd-03-16-2020.csv
California,USA, Marin,"Marin, California",9,2020-03-16 03:00:00,http://nssac.bii.virginia.edu/covid-19/dashboard/data/nssac-ncov-sd-03-16-2020.csv
California,USA, San Joaquin,"San Joaquin, California",8,2020-03-16 03:00:00,http://nssac.bii.virginia.edu/covid-19/dashboard/data/nssac-ncov-sd-03-16-2020.csv
California,USA, Santa Cruz,"Santa Cruz, California",7,2020-03-16 03:00:00,http://nssac.bii.virginia.edu/covid-19/dashboard/data/nssac-ncov-sd-03-16-2020.csv
California,USA, Solano,"Solano, California",7,2020-03-16 03:00:00,http://nssac.bii.virginia.edu/covid-19/dashboard/data/nssac-ncov-sd-03-16-2020.csv
California,USA, Placer,"Placer, California",5,2020-03-16 03:00:00,http://nssac.bii.virginia.edu/covid-19/dashboard/data/nssac-ncov-sd-03-16-2020.csv
California,USA, Ventura,"Ventura, California",4,2020-03-16 03:00:00,http://nssac.bii.virginia.edu/covid-19/dashboard/data/nssac-ncov-sd-03-16-2020.csv
California,USA, Sonoma,"Sonoma, California",4,2020-03-16 03:00:00,http://nssac.bii.virginia.edu/covid-19/dashboard/data/nssac-ncov-sd-03-16-2020.csv
California,USA, San Benito,"San Benito, California",3,2020-03-16 03:00:00,http://nssac.bii.virginia.edu/covid-19/dashboard/data/nssac-ncov-sd-03-16-2020.csv
California,USA, San Luis Obispo,"San Luis Obispo, California",2,2020-03-16 03:00:00,http://nssac.bii.virginia.edu/covid-19/dashboard/data/nssac-ncov-sd-03-16-2020.csv
California,USA, Stanislaus,"Stanislaus, California",2,2020-03-16 03:00:00,http://nssac.bii.virginia.edu/covid-19/dashboard/data/nssac-ncov-sd-03-16-2020.csv
California,USA, Tulare,"Tulare, California",2,2020-03-16 03:00:00,http://nssac.bii.virginia.edu/covid-19/dashboard/data/nssac-ncov-sd-03-16-2020.csv
California,USA, Imperial,"Imperial, California",2,2020-03-16 03:00:00,http://nssac.bii.virginia.edu/covid-19/dashboard/data/nssac-ncov-sd-03-16-2020.csv
California,USA, Yolo,"Yolo, California",2,2020-03-16 03:00:00,http://nssac.bii.virginia.edu/covid-19/dashboard/data/nssac-ncov-sd-03-16-2020.csv
California,USA, Calaveras,"Calaveras, California",2,2020-03-16 03:00:00,http://nssac.bii.virginia.edu/covid-19/dashboard/data/nssac-ncov-sd-03-16-2020.csv
California,USA, Shasta,"Shasta, California",1,2020-03-16 03:00:00,http://nssac.bii.virginia.edu/covid-19/dashboard/data/nssac-ncov-sd-03-16-2020.csv
California,USA, San Bernardino,"San Bernardino, California",1,2020-03-16 03:00:00,http://nssac.bii.virginia.edu/covid-19/dashboard/data/nssac-ncov-sd-03-16-2020.csv
California,USA, Madera,"Madera, California",1,2020-03-16 03:00:00,http://nssac.bii.virginia.edu/covid-19/dashboard/data/nssac-ncov-sd-03-16-2020.csv
California,USA, Fresno,"Fresno, California",1,2020-03-16 03:00:00,http://nssac.bii.virginia.edu/covid-19/dashboard/data/nssac-ncov-sd-03-16-2020.csv
California,USA, Humboldt,"Humboldt, California",1,2020-03-16 03:00:00,http://nssac.bii.virginia.edu/covid-19/dashboard/data/nssac-ncov-sd-03-16-2020.csv
California,USA, Santa Barbara,"Santa Barbara, California",1,2020-03-16 03:00:00,http://nssac.bii.virginia.edu/covid-19/dashboard/data/nssac-ncov-sd-03-16-2020.csv
Massachusetts,USA,  Middlesex,"Middlesex, Massachusetts",75,2020-03-16 03:00:00,http://nssac.bii.virginia.edu/covid-19/dashboard/data/nssac-ncov-sd-03-16-2020.csv
Massachusetts,USA, Suffolk,"Suffolk, Massachusetts",31,2020-03-16 03:00:00,http://nssac.bii.virginia.edu/covid-19/dashboard/data/nssac-ncov-sd-03-16-2020.csv
Massachusetts,USA, Norfolk,"Norfolk, Massachusetts",31,2020-03-16 03:00:00,http://nssac.bii.virginia.edu/covid-19/dashboard/data/nssac-ncov-sd-03-16-2020.csv
Massachusetts,USA, Berkshire,"Berkshire, Massachusetts",9,2020-03-16 03:00:00,http://nssac.bii.virginia.edu/covid-19/dashboard/data/nssac-ncov-sd-03-16-2020.csv
Massachusetts,USA, Essex,"Essex, Massachusetts",6,2020-03-16 03:00:00,http://nssac.bii.virginia.edu/covid-19/dashboard/data/nssac-ncov-sd-03-16-2020.csv
Massachusetts,USA, Worcester,"Worcester, Massachusetts",6,2020-03-16 03:00:00,http://nssac.bii.virginia.edu/covid-19/dashboard/data/nssac-ncov-sd-03-16-2020.csv
Massachusetts,USA, ,", Massachusetts",2,2020-03-16 03:00:00,http://nssac.bii.virginia.edu/covid-19/dashboard/data/nssac-ncov-sd-03-16-2020.csv
Massachusetts,USA, Hampden,"Hampden, Massachusetts",1,2020-03-16 03:00:00,http://nssac.bii.virginia.edu/covid-19/dashboard/data/nssac-ncov-sd-03-16-2020.csv
Massachusetts,USA, Bristol,"Bristol, Massachusetts",1,2020-03-16 03:00:00,http://nssac.bii.virginia.edu/covid-19/dashboard/data/nssac-ncov-sd-03-16-2020.csv
Massachusetts,USA, Barnstable,"Barnstable, Massachusetts",1,2020-03-16 03:00:00,http://nssac.bii.virginia.edu/covid-19/dashboard/data/nssac-ncov-sd-03-16-2020.csv
Massachusetts,USA, Plymouth,"Plymouth, Massachusetts",1,2020-03-16 03:00:00,http://nssac.bii.virginia.edu/covid-19/dashboard/data/nssac-ncov-sd-03-16-2020.csv
Florida,USA,  Broward,"Broward, Florida",36,2020-03-16 03:00:00,http://nssac.bii.virginia.edu/covid-19/dashboard/data/nssac-ncov-sd-03-16-2020.csv
Florida,USA, ,", Florida",30,2020-03-16 03:00:00,http://nssac.bii.virginia.edu/covid-19/dashboard/data/nssac-ncov-sd-03-16-2020.csv
Florida,USA, Non-Florida-Resident,"Non-Florida-Resident, Florida",13,2020-03-16 03:00:00,http://nssac.bii.virginia.edu/covid-19/dashboard/data/nssac-ncov-sd-03-16-2020.csv
Florida,USA, Miami-Dade,"Miami-Dade, Florida",13,2020-03-16 03:00:00,http://nssac.bii.virginia.edu/covid-19/dashboard/data/nssac-ncov-sd-03-16-2020.csv
Florida,USA, Outside-Florida,"Outside-Florida, Florida",6,2020-03-16 03:00:00,http://nssac.bii.virginia.edu/covid-19/dashboard/data/nssac-ncov-sd-03-16-2020.csv
Florida,USA, Collier,"Collier, Florida",5,2020-03-16 03:00:00,http://nssac.bii.virginia.edu/covid-19/dashboard/data/nssac-ncov-sd-03-16-2020.csv
Florida,USA, Lee,"Lee, Florida",5,2020-03-16 03:00:00,http://nssac.bii.virginia.edu/covid-19/dashboard/data/nssac-ncov-sd-03-16-2020.csv
Florida,USA, Volusia,"Volusia, Florida",5,2020-03-16 03:00:00,http://nssac.bii.virginia.edu/covid-19/dashboard/data/nssac-ncov-sd-03-16-2020.csv
Florida,USA, Palm Beach,"Palm Beach, Florida",5,2020-03-16 03:00:00,http://nssac.bii.virginia.edu/covid-19/dashboard/data/nssac-ncov-sd-03-16-2020.csv
Florida,USA, Hillsborough,"Hillsborough, Florida",4,2020-03-16 03:00:00,http://nssac.bii.virginia.edu/covid-19/dashboard/data/nssac-ncov-sd-03-16-2020.csv
Florida,USA, Duval,"Duval, Florida",4,2020-03-16 03:00:00,http://nssac.bii.virginia.edu/covid-19/dashboard/data/nssac-ncov-sd-03-16-2020.csv
Florida,USA, Manatee,"Manatee, Florida",4,2020-03-16 03:00:00,http://nssac.bii.virginia.edu/covid-19/dashboard/data/nssac-ncov-sd-03-16-2020.csv
Florida,USA, Clay,"Clay, Florida",3,2020-03-16 03:00:00,http://nssac.bii.virginia.edu/covid-19/dashboard/data/nssac-ncov-sd-03-16-2020.csv
Florida,USA, Orange,"Orange, Florida",2,2020-03-16 03:00:00,http://nssac.bii.virginia.edu/covid-19/dashboard/data/nssac-ncov-sd-03-16-2020.csv
Florida,USA, Pasco,"Pasco, Florida",2,2020-03-16 03:00:00,http://nssac.bii.virginia.edu/covid-19/dashboard/data/nssac-ncov-sd-03-16-2020.csv
Florida,USA, Pinellas,"Pinellas, Florida",2,2020-03-16 03:00:00,http://nssac.bii.virginia.edu/covid-19/dashboard/data/nssac-ncov-sd-03-16-2020.csv
Florida,USA, Nassau,"Nassau, Florida",1,2020-03-16 03:00:00,http://nssac.bii.virginia.edu/covid-19/dashboard/data/nssac-ncov-sd-03-16-2020.csv
Florida,USA, Alachua,"Alachua, Florida",1,2020-03-16 03:00:00,http://nssac.bii.virginia.edu/covid-19/dashboard/data/nssac-ncov-sd-03-16-2020.csv
Florida,USA, Sarasota,"Sarasota, Florida",1,2020-03-16 03:00:00,http://nssac.bii.virginia.edu/covid-19/dashboard/data/nssac-ncov-sd-03-16-2020.csv
Florida,USA, Citrus,"Citrus, Florida",1,2020-03-16 03:00:00,http://nssac.bii.virginia.edu/covid-19/dashboard/data/nssac-ncov-sd-03-16-2020.csv
Florida,USA, Osceola,"Osceola, Florida",1,2020-03-16 03:00:00,http://nssac.bii.virginia.edu/covid-19/dashboard/data/nssac-ncov-sd-03-16-2020.csv
Florida,USA, Charlotte,"Charlotte, Florida",1,2020-03-16 03:00:00,http://nssac.bii.virginia.edu/covid-19/dashboard/data/nssac-ncov-sd-03-16-2020.csv
Florida,USA, Santa Rosa,"Santa Rosa, Florida",1,2020-03-16 03:00:00,http://nssac.bii.virginia.edu/covid-19/dashboard/data/nssac-ncov-sd-03-16-2020.csv
Florida,USA, Okaloosa,"Okaloosa, Florida",1,2020-03-16 03:00:00,http://nssac.bii.virginia.edu/covid-19/dashboard/data/nssac-ncov-sd-03-16-2020.csv
Florida,USA, Seminole,"Seminole, Florida",1,2020-03-16 03:00:00,http://nssac.bii.virginia.edu/covid-19/dashboard/data/nssac-ncov-sd-03-16-2020.csv
Florida,USA, St. Johns,"St. Johns, Florida",1,2020-03-16 03:00:00,http://nssac.bii.virginia.edu/covid-19/dashboard/data/nssac-ncov-sd-03-16-2020.csv
Colorado,USA,  Denver,"Denver, Colorado",25,2020-03-16 03:00:00,http://nssac.bii.virginia.edu/covid-19/dashboard/data/nssac-ncov-sd-03-16-2020.csv
Colorado,USA, Eagle,"Eagle, Colorado",24,2020-03-16 03:00:00,http://nssac.bii.virginia.edu/covid-19/dashboard/data/nssac-ncov-sd-03-16-2020.csv
Colorado,USA, Arapahoe,"Arapahoe, Colorado",15,2020-03-16 03:00:00,http://nssac.bii.virginia.edu/covid-19/dashboard/data/nssac-ncov-sd-03-16-2020.csv
Colorado,USA, Jefferson,"Jefferson, Colorado",12,2020-03-16 03:00:00,http://nssac.bii.virginia.edu/covid-19/dashboard/data/nssac-ncov-sd-03-16-2020.csv
Colorado,USA, Pitkin,"Pitkin, Colorado",11,2020-03-16 03:00:00,http://nssac.bii.virginia.edu/covid-19/dashboard/data/nssac-ncov-sd-03-16-2020.csv
Colorado,USA, Douglas,"Douglas, Colorado",8,2020-03-16 03:00:00,http://nssac.bii.virginia.edu/covid-19/dashboard/data/nssac-ncov-sd-03-16-2020.csv
Colorado,USA, Gunnison,"Gunnison, Colorado",8,2020-03-16 03:00:00,http://nssac.bii.virginia.edu/covid-19/dashboard/data/nssac-ncov-sd-03-16-2020.csv
Colorado,USA, Boulder,"Boulder, Colorado",7,2020-03-16 03:00:00,http://nssac.bii.virginia.edu/covid-19/dashboard/data/nssac-ncov-sd-03-16-2020.csv
Colorado,USA, Adams,"Adams, Colorado",6,2020-03-16 03:00:00,http://nssac.bii.virginia.edu/covid-19/dashboard/data/nssac-ncov-sd-03-16-2020.csv
Colorado,USA, Weld,"Weld, Colorado",5,2020-03-16 03:00:00,http://nssac.bii.virginia.edu/covid-19/dashboard/data/nssac-ncov-sd-03-16-2020.csv
Colorado,USA, El Paso,"El Paso, Colorado",4,2020-03-16 03:00:00,http://nssac.bii.virginia.edu/covid-19/dashboard/data/nssac-ncov-sd-03-16-2020.csv
Colorado,USA, Waiting on information,"Waiting on information, Colorado",2,2020-03-16 03:00:00,http://nssac.bii.virginia.edu/covid-19/dashboard/data/nssac-ncov-sd-03-16-2020.csv
Colorado,USA, Summit,"Summit, Colorado",1,2020-03-16 03:00:00,http://nssac.bii.virginia.edu/covid-19/dashboard/data/nssac-ncov-sd-03-16-2020.csv
Colorado,USA, Mesa ,"Mesa , Colorado",1,2020-03-16 03:00:00,http://nssac.bii.virginia.edu/covid-19/dashboard/data/nssac-ncov-sd-03-16-2020.csv
Colorado,USA, Pueblo,"Pueblo, Colorado",1,2020-03-16 03:00:00,http://nssac.bii.virginia.edu/covid-19/dashboard/data/nssac-ncov-sd-03-16-2020.csv
Colorado,USA, Clear Creek,"Clear Creek, Colorado",1,2020-03-16 03:00:00,http://nssac.bii.virginia.edu/covid-19/dashboard/data/nssac-ncov-sd-03-16-2020.csv
Colorado,USA, unknown,"unknown, Colorado",1,2020-03-16 03:00:00,http://nssac.bii.virginia.edu/covid-19/dashboard/data/nssac-ncov-sd-03-16-2020.csv
Colorado,USA, Garfield,"Garfield, Colorado",1,2020-03-16 03:00:00,http://nssac.bii.virginia.edu/covid-19/dashboard/data/nssac-ncov-sd-03-16-2020.csv
Colorado,USA, Routt,"Routt, Colorado",1,2020-03-16 03:00:00,http://nssac.bii.virginia.edu/covid-19/dashboard/data/nssac-ncov-sd-03-16-2020.csv
Colorado,USA, Larimer,"Larimer, Colorado",1,2020-03-16 03:00:00,http://nssac.bii.virginia.edu/covid-19/dashboard/data/nssac-ncov-sd-03-16-2020.csv
Georgia,USA,  Fulton,"Fulton, Georgia",20,2020-03-16 03:00:00,http://nssac.bii.virginia.edu/covid-19/dashboard/data/nssac-ncov-sd-03-16-2020.csv
Georgia,USA, Cobb,"Cobb, Georgia",19,2020-03-16 03:00:00,http://nssac.bii.virginia.edu/covid-19/dashboard/data/nssac-ncov-sd-03-16-2020.csv
Georgia,USA, ,", Georgia",11,2020-03-16 03:00:00,http://nssac.bii.virginia.edu/covid-19/dashboard/data/nssac-ncov-sd-03-16-2020.csv
Georgia,USA, DeKalb,"DeKalb, Georgia",10,2020-03-16 03:00:00,http://nssac.bii.virginia.edu/covid-19/dashboard/data/nssac-ncov-sd-03-16-2020.csv
Georgia,USA, Bartow,"Bartow, Georgia",9,2020-03-16 03:00:00,http://nssac.bii.virginia.edu/covid-19/dashboard/data/nssac-ncov-sd-03-16-2020.csv
Georgia,USA, Cherokee,"Cherokee, Georgia",6,2020-03-16 03:00:00,http://nssac.bii.virginia.edu/covid-19/dashboard/data/nssac-ncov-sd-03-16-2020.csv
Georgia,USA, Dougherty,"Dougherty, Georgia",6,2020-03-16 03:00:00,http://nssac.bii.virginia.edu/covid-19/dashboard/data/nssac-ncov-sd-03-16-2020.csv
Georgia,USA, Fayette,"Fayette, Georgia",5,2020-03-16 03:00:00,http://nssac.bii.virginia.edu/covid-19/dashboard/data/nssac-ncov-sd-03-16-2020.csv
Georgia,USA, Gwinnett,"Gwinnett, Georgia",4,2020-03-16 03:00:00,http://nssac.bii.virginia.edu/covid-19/dashboard/data/nssac-ncov-sd-03-16-2020.csv
Georgia,USA, Floyd,"Floyd, Georgia",4,2020-03-16 03:00:00,http://nssac.bii.virginia.edu/covid-19/dashboard/data/nssac-ncov-sd-03-16-2020.csv
Georgia,USA, Clarke,"Clarke, Georgia",2,2020-03-16 03:00:00,http://nssac.bii.virginia.edu/covid-19/dashboard/data/nssac-ncov-sd-03-16-2020.csv
Georgia,USA, Gordon,"Gordon, Georgia",2,2020-03-16 03:00:00,http://nssac.bii.virginia.edu/covid-19/dashboard/data/nssac-ncov-sd-03-16-2020.csv
Georgia,USA, Lee,"Lee, Georgia",2,2020-03-16 03:00:00,http://nssac.bii.virginia.edu/covid-19/dashboard/data/nssac-ncov-sd-03-16-2020.csv
Georgia,USA, Lowndes,"Lowndes, Georgia",2,2020-03-16 03:00:00,http://nssac.bii.virginia.edu/covid-19/dashboard/data/nssac-ncov-sd-03-16-2020.csv
Georgia,USA, Clayton,"Clayton, Georgia",2,2020-03-16 03:00:00,http://nssac.bii.virginia.edu/covid-19/dashboard/data/nssac-ncov-sd-03-16-2020.csv
Georgia,USA, Coweta,"Coweta, Georgia",2,2020-03-16 03:00:00,http://nssac.bii.virginia.edu/covid-19/dashboard/data/nssac-ncov-sd-03-16-2020.csv
Georgia,USA, Charlton,"Charlton, Georgia",1,2020-03-16 03:00:00,http://nssac.bii.virginia.edu/covid-19/dashboard/data/nssac-ncov-sd-03-16-2020.csv
Georgia,USA, Henry,"Henry, Georgia",1,2020-03-16 03:00:00,http://nssac.bii.virginia.edu/covid-19/dashboard/data/nssac-ncov-sd-03-16-2020.csv
Georgia,USA, Polk,"Polk, Georgia",1,2020-03-16 03:00:00,http://nssac.bii.virginia.edu/covid-19/dashboard/data/nssac-ncov-sd-03-16-2020.csv
Georgia,USA, Troup ,"Troup , Georgia",1,2020-03-16 03:00:00,http://nssac.bii.virginia.edu/covid-19/dashboard/data/nssac-ncov-sd-03-16-2020.csv
Georgia,USA, Newton,"Newton, Georgia",1,2020-03-16 03:00:00,http://nssac.bii.virginia.edu/covid-19/dashboard/data/nssac-ncov-sd-03-16-2020.csv
New Jersey,USA,  Bergen,"Bergen, New Jersey",29,2020-03-16 03:00:00,http://nssac.bii.virginia.edu/covid-19/dashboard/data/nssac-ncov-sd-03-16-2020.csv
New Jersey,USA, Middlesex,"Middlesex, New Jersey",18,2020-03-16 03:00:00,http://nssac.bii.virginia.edu/covid-19/dashboard/data/nssac-ncov-sd-03-16-2020.csv
New Jersey,USA, Monmouth,"Monmouth, New Jersey",12,2020-03-16 03:00:00,http://nssac.bii.virginia.edu/covid-19/dashboard/data/nssac-ncov-sd-03-16-2020.csv
New Jersey,USA, Hudson,"Hudson, New Jersey",12,2020-03-16 03:00:00,http://nssac.bii.virginia.edu/covid-19/dashboard/data/nssac-ncov-sd-03-16-2020.csv
New Jersey,USA, Essex,"Essex, New Jersey",11,2020-03-16 03:00:00,http://nssac.bii.virginia.edu/covid-19/dashboard/data/nssac-ncov-sd-03-16-2020.csv
New Jersey,USA, Burlington,"Burlington, New Jersey",6,2020-03-16 03:00:00,http://nssac.bii.virginia.edu/covid-19/dashboard/data/nssac-ncov-sd-03-16-2020.csv
New Jersey,USA, Passaic,"Passaic, New Jersey",5,2020-03-16 03:00:00,http://nssac.bii.virginia.edu/covid-19/dashboard/data/nssac-ncov-sd-03-16-2020.csv
New Jersey,USA, Union,"Union, New Jersey",4,2020-03-16 03:00:00,http://nssac.bii.virginia.edu/covid-19/dashboard/data/nssac-ncov-sd-03-16-2020.csv
New Jersey,USA, Morris,"Morris, New Jersey",4,2020-03-16 03:00:00,http://nssac.bii.virginia.edu/covid-19/dashboard/data/nssac-ncov-sd-03-16-2020.csv
New Jersey,USA, Ocean,"Ocean, New Jersey",3,2020-03-16 03:00:00,http://nssac.bii.virginia.edu/covid-19/dashboard/data/nssac-ncov-sd-03-16-2020.csv
New Jersey,USA, Camden,"Camden, New Jersey",2,2020-03-16 03:00:00,http://nssac.bii.virginia.edu/covid-19/dashboard/data/nssac-ncov-sd-03-16-2020.csv
New Jersey,USA, Mercer,"Mercer, New Jersey",1,2020-03-16 03:00:00,http://nssac.bii.virginia.edu/covid-19/dashboard/data/nssac-ncov-sd-03-16-2020.csv
New Jersey,USA, Hunterdon,"Hunterdon, New Jersey",1,2020-03-16 03:00:00,http://nssac.bii.virginia.edu/covid-19/dashboard/data/nssac-ncov-sd-03-16-2020.csv
New Jersey,USA, Somerset,"Somerset, New Jersey",1,2020-03-16 03:00:00,http://nssac.bii.virginia.edu/covid-19/dashboard/data/nssac-ncov-sd-03-16-2020.csv
Louisiana,USA,  Orleans,"Orleans, Louisiana",74,2020-03-16 03:00:00,http://nssac.bii.virginia.edu/covid-19/dashboard/data/nssac-ncov-sd-03-16-2020.csv
Louisiana,USA, Jefferson,"Jefferson, Louisiana",14,2020-03-16 03:00:00,http://nssac.bii.virginia.edu/covid-19/dashboard/data/nssac-ncov-sd-03-16-2020.csv
Louisiana,USA, St. Tammany,"St. Tammany, Louisiana",4,2020-03-16 03:00:00,http://nssac.bii.virginia.edu/covid-19/dashboard/data/nssac-ncov-sd-03-16-2020.csv
Louisiana,USA, St. Charles,"St. Charles, Louisiana",3,2020-03-16 03:00:00,http://nssac.bii.virginia.edu/covid-19/dashboard/data/nssac-ncov-sd-03-16-2020.csv
Louisiana,USA, Terrebonne,"Terrebonne, Louisiana",2,2020-03-16 03:00:00,http://nssac.bii.virginia.edu/covid-19/dashboard/data/nssac-ncov-sd-03-16-2020.csv
Louisiana,USA, Caddo,"Caddo, Louisiana",2,2020-03-16 03:00:00,http://nssac.bii.virginia.edu/covid-19/dashboard/data/nssac-ncov-sd-03-16-2020.csv
Louisiana,USA, St. John the Baptist,"St. John the Baptist, Louisiana",1,2020-03-16 03:00:00,http://nssac.bii.virginia.edu/covid-19/dashboard/data/nssac-ncov-sd-03-16-2020.csv
Louisiana,USA, St. Bernard,"St. Bernard, Louisiana",1,2020-03-16 03:00:00,http://nssac.bii.virginia.edu/covid-19/dashboard/data/nssac-ncov-sd-03-16-2020.csv
Louisiana,USA, Lafourche,"Lafourche, Louisiana",1,2020-03-16 03:00:00,http://nssac.bii.virginia.edu/covid-19/dashboard/data/nssac-ncov-sd-03-16-2020.csv
Louisiana,USA, Bossier,"Bossier, Louisiana",1,2020-03-16 03:00:00,http://nssac.bii.virginia.edu/covid-19/dashboard/data/nssac-ncov-sd-03-16-2020.csv
Illinois,USA,  Cook,"Cook, Illinois",61,2020-03-16 03:00:00,http://nssac.bii.virginia.edu/covid-19/dashboard/data/nssac-ncov-sd-03-16-2020.csv
Illinois,USA, ,", Illinois",12,2020-03-16 03:00:00,http://nssac.bii.virginia.edu/covid-19/dashboard/data/nssac-ncov-sd-03-16-2020.csv
Illinois,USA, Lake,"Lake, Illinois",4,2020-03-16 03:00:00,http://nssac.bii.virginia.edu/covid-19/dashboard/data/nssac-ncov-sd-03-16-2020.csv
Illinois,USA, St. Clair ,"St. Clair , Illinois",4,2020-03-16 03:00:00,http://nssac.bii.virginia.edu/covid-19/dashboard/data/nssac-ncov-sd-03-16-2020.csv
Illinois,USA, Kane,"Kane, Illinois",4,2020-03-16 03:00:00,http://nssac.bii.virginia.edu/covid-19/dashboard/data/nssac-ncov-sd-03-16-2020.csv
Illinois,USA, Sangamon ,"Sangamon , Illinois",2,2020-03-16 03:00:00,http://nssac.bii.virginia.edu/covid-19/dashboard/data/nssac-ncov-sd-03-16-2020.csv
Illinois,USA, McHenry,"McHenry, Illinois",2,2020-03-16 03:00:00,http://nssac.bii.virginia.edu/covid-19/dashboard/data/nssac-ncov-sd-03-16-2020.csv
Illinois,USA, Cumberland,"Cumberland, Illinois",1,2020-03-16 03:00:00,http://nssac.bii.virginia.edu/covid-19/dashboard/data/nssac-ncov-sd-03-16-2020.csv
Illinois,USA, DuPage,"DuPage, Illinois",1,2020-03-16 03:00:00,http://nssac.bii.virginia.edu/covid-19/dashboard/data/nssac-ncov-sd-03-16-2020.csv
Illinois,USA, Woodford,"Woodford, Illinois",1,2020-03-16 03:00:00,http://nssac.bii.virginia.edu/covid-19/dashboard/data/nssac-ncov-sd-03-16-2020.csv
Illinois,USA, Champaign,"Champaign, Illinois",1,2020-03-16 03:00:00,http://nssac.bii.virginia.edu/covid-19/dashboard/data/nssac-ncov-sd-03-16-2020.csv
Texas,USA,  Dallas,"Dallas, Texas",14,2020-03-16 03:00:00,http://nssac.bii.virginia.edu/covid-19/dashboard/data/nssac-ncov-sd-03-16-2020.csv
Texas,USA, Harris,"Harris, Texas",13,2020-03-16 03:00:00,http://nssac.bii.virginia.edu/covid-19/dashboard/data/nssac-ncov-sd-03-16-2020.csv
Texas,USA, Fort Bend,"Fort Bend, Texas",9,2020-03-16 03:00:00,http://nssac.bii.virginia.edu/covid-19/dashboard/data/nssac-ncov-sd-03-16-2020.csv
Texas,USA, Collin,"Collin, Texas",8,2020-03-16 03:00:00,http://nssac.bii.virginia.edu/covid-19/dashboard/data/nssac-ncov-sd-03-16-2020.csv
Texas,USA, Travis,"Travis, Texas",6,2020-03-16 03:00:00,http://nssac.bii.virginia.edu/covid-19/dashboard/data/nssac-ncov-sd-03-16-2020.csv
Texas,USA, Smith,"Smith, Texas",4,2020-03-16 03:00:00,http://nssac.bii.virginia.edu/covid-19/dashboard/data/nssac-ncov-sd-03-16-2020.csv
Texas,USA, Montgomery,"Montgomery, Texas",4,2020-03-16 03:00:00,http://nssac.bii.virginia.edu/covid-19/dashboard/data/nssac-ncov-sd-03-16-2020.csv
Texas,USA, Tarrant,"Tarrant, Texas",4,2020-03-16 03:00:00,http://nssac.bii.virginia.edu/covid-19/dashboard/data/nssac-ncov-sd-03-16-2020.csv
Texas,USA, Bexar,"Bexar, Texas",3,2020-03-16 03:00:00,http://nssac.bii.virginia.edu/covid-19/dashboard/data/nssac-ncov-sd-03-16-2020.csv
Texas,USA, El Paso,"El Paso, Texas",2,2020-03-16 03:00:00,http://nssac.bii.virginia.edu/covid-19/dashboard/data/nssac-ncov-sd-03-16-2020.csv
Texas,USA, Brazoria,"Brazoria, Texas",2,2020-03-16 03:00:00,http://nssac.bii.virginia.edu/covid-19/dashboard/data/nssac-ncov-sd-03-16-2020.csv
Texas,USA, Gregg,"Gregg, Texas",1,2020-03-16 03:00:00,http://nssac.bii.virginia.edu/covid-19/dashboard/data/nssac-ncov-sd-03-16-2020.csv
Texas,USA, Lavaca,"Lavaca, Texas",1,2020-03-16 03:00:00,http://nssac.bii.virginia.edu/covid-19/dashboard/data/nssac-ncov-sd-03-16-2020.csv
Texas,USA, Hays,"Hays, Texas",1,2020-03-16 03:00:00,http://nssac.bii.virginia.edu/covid-19/dashboard/data/nssac-ncov-sd-03-16-2020.csv
Texas,USA, Matagorda,"Matagorda, Texas",1,2020-03-16 03:00:00,http://nssac.bii.virginia.edu/covid-19/dashboard/data/nssac-ncov-sd-03-16-2020.csv
Texas,USA, Galveston,"Galveston, Texas",1,2020-03-16 03:00:00,http://nssac.bii.virginia.edu/covid-19/dashboard/data/nssac-ncov-sd-03-16-2020.csv
Texas,USA, Denton,"Denton, Texas",1,2020-03-16 03:00:00,http://nssac.bii.virginia.edu/covid-19/dashboard/data/nssac-ncov-sd-03-16-2020.csv
Texas,USA, Bell,"Bell, Texas",1,2020-03-16 03:00:00,http://nssac.bii.virginia.edu/covid-19/dashboard/data/nssac-ncov-sd-03-16-2020.csv
Pennsylvania,USA,  Montgomery,"Montgomery, Pennsylvania",24,2020-03-16 03:00:00,http://nssac.bii.virginia.edu/covid-19/dashboard/data/nssac-ncov-sd-03-16-2020.csv
Pennsylvania,USA, Philadelphia,"Philadelphia, Pennsylvania",8,2020-03-16 03:00:00,http://nssac.bii.virginia.edu/covid-19/dashboard/data/nssac-ncov-sd-03-16-2020.csv
Pennsylvania,USA, Delaware,"Delaware, Pennsylvania",7,2020-03-16 03:00:00,http://nssac.bii.virginia.edu/covid-19/dashboard/data/nssac-ncov-sd-03-16-2020.csv
Pennsylvania,USA, Monroe,"Monroe, Pennsylvania",6,2020-03-16 03:00:00,http://nssac.bii.virginia.edu/covid-19/dashboard/data/nssac-ncov-sd-03-16-2020.csv
Pennsylvania,USA, Cumberland,"Cumberland, Pennsylvania",5,2020-03-16 03:00:00,http://nssac.bii.virginia.edu/covid-19/dashboard/data/nssac-ncov-sd-03-16-2020.csv
Pennsylvania,USA, Allegheny,"Allegheny, Pennsylvania",4,2020-03-16 03:00:00,http://nssac.bii.virginia.edu/covid-19/dashboard/data/nssac-ncov-sd-03-16-2020.csv
Pennsylvania,USA, Bucks,"Bucks, Pennsylvania",4,2020-03-16 03:00:00,http://nssac.bii.virginia.edu/covid-19/dashboard/data/nssac-ncov-sd-03-16-2020.csv
Pennsylvania,USA, Chester,"Chester, Pennsylvania",2,2020-03-16 03:00:00,http://nssac.bii.virginia.edu/covid-19/dashboard/data/nssac-ncov-sd-03-16-2020.csv
Pennsylvania,USA, Pike,"Pike, Pennsylvania",1,2020-03-16 03:00:00,http://nssac.bii.virginia.edu/covid-19/dashboard/data/nssac-ncov-sd-03-16-2020.csv
Pennsylvania,USA, Luzerne ,"Luzerne , Pennsylvania",1,2020-03-16 03:00:00,http://nssac.bii.virginia.edu/covid-19/dashboard/data/nssac-ncov-sd-03-16-2020.csv
Pennsylvania,USA, Lehigh ,"Lehigh , Pennsylvania",1,2020-03-16 03:00:00,http://nssac.bii.virginia.edu/covid-19/dashboard/data/nssac-ncov-sd-03-16-2020.csv
Pennsylvania,USA, Washington,"Washington, Pennsylvania",1,2020-03-16 03:00:00,http://nssac.bii.virginia.edu/covid-19/dashboard/data/nssac-ncov-sd-03-16-2020.csv
Pennsylvania,USA, Northampton,"Northampton, Pennsylvania",1,2020-03-16 03:00:00,http://nssac.bii.virginia.edu/covid-19/dashboard/data/nssac-ncov-sd-03-16-2020.csv
Pennsylvania,USA, Wayne,"Wayne, Pennsylvania",1,2020-03-16 03:00:00,http://nssac.bii.virginia.edu/covid-19/dashboard/data/nssac-ncov-sd-03-16-2020.csv
Michigan,USA,  Oakland,"Oakland, Michigan",14,2020-03-16 03:00:00,http://nssac.bii.virginia.edu/covid-19/dashboard/data/nssac-ncov-sd-03-16-2020.csv
Michigan,USA, Wayne,"Wayne, Michigan",13,2020-03-16 03:00:00,http://nssac.bii.virginia.edu/covid-19/dashboard/data/nssac-ncov-sd-03-16-2020.csv
Michigan,USA, Washtenaw,"Washtenaw, Michigan",7,2020-03-16 03:00:00,http://nssac.bii.virginia.edu/covid-19/dashboard/data/nssac-ncov-sd-03-16-2020.csv
Michigan,USA, Macomb,"Macomb, Michigan",5,2020-03-16 03:00:00,http://nssac.bii.virginia.edu/covid-19/dashboard/data/nssac-ncov-sd-03-16-2020.csv
Michigan,USA, Kent,"Kent, Michigan",5,2020-03-16 03:00:00,http://nssac.bii.virginia.edu/covid-19/dashboard/data/nssac-ncov-sd-03-16-2020.csv
Michigan,USA, Ottawa,"Ottawa, Michigan",1,2020-03-16 03:00:00,http://nssac.bii.virginia.edu/covid-19/dashboard/data/nssac-ncov-sd-03-16-2020.csv
Michigan,USA, ,", Michigan",1,2020-03-16 03:00:00,http://nssac.bii.virginia.edu/covid-19/dashboard/data/nssac-ncov-sd-03-16-2020.csv
Michigan,USA, St. Clair,"St. Clair, Michigan",1,2020-03-16 03:00:00,http://nssac.bii.virginia.edu/covid-19/dashboard/data/nssac-ncov-sd-03-16-2020.csv
Michigan,USA, Montcalm,"Montcalm, Michigan",1,2020-03-16 03:00:00,http://nssac.bii.virginia.edu/covid-19/dashboard/data/nssac-ncov-sd-03-16-2020.csv
Michigan,USA, Bay ,"Bay , Michigan",1,2020-03-16 03:00:00,http://nssac.bii.virginia.edu/covid-19/dashboard/data/nssac-ncov-sd-03-16-2020.csv
Michigan,USA, Ingham,"Ingham, Michigan",1,2020-03-16 03:00:00,http://nssac.bii.virginia.edu/covid-19/dashboard/data/nssac-ncov-sd-03-16-2020.csv
Michigan,USA, Charlevoix ,"Charlevoix , Michigan",1,2020-03-16 03:00:00,http://nssac.bii.virginia.edu/covid-19/dashboard/data/nssac-ncov-sd-03-16-2020.csv
Michigan,USA, Clair,"Clair, Michigan",1,2020-03-16 03:00:00,http://nssac.bii.virginia.edu/covid-19/dashboard/data/nssac-ncov-sd-03-16-2020.csv
Michigan,USA, Monroe,"Monroe, Michigan",1,2020-03-16 03:00:00,http://nssac.bii.virginia.edu/covid-19/dashboard/data/nssac-ncov-sd-03-16-2020.csv
Diamond Princess,USA,  unknown,"unknown, Diamond Princess",46,2020-03-16 03:00:00,http://nssac.bii.virginia.edu/covid-19/dashboard/data/nssac-ncov-sd-03-16-2020.csv
Diamond Princess,USA, San Diego,"San Diego, Diamond Princess",1,2020-03-16 03:00:00,http://nssac.bii.virginia.edu/covid-19/dashboard/data/nssac-ncov-sd-03-16-2020.csv
Virginia,USA,  Fairfax,"Fairfax, Virginia",10,2020-03-16 03:00:00,http://nssac.bii.virginia.edu/covid-19/dashboard/data/nssac-ncov-sd-03-16-2020.csv
Virginia,USA, James City,"James City, Virginia",8,2020-03-16 03:00:00,http://nssac.bii.virginia.edu/covid-19/dashboard/data/nssac-ncov-sd-03-16-2020.csv
Virginia,USA, Arlington,"Arlington, Virginia",8,2020-03-16 03:00:00,http://nssac.bii.virginia.edu/covid-19/dashboard/data/nssac-ncov-sd-03-16-2020.csv
Virginia,USA, Loudoun,"Loudoun, Virginia",5,2020-03-16 03:00:00,http://nssac.bii.virginia.edu/covid-19/dashboard/data/nssac-ncov-sd-03-16-2020.csv
Virginia,USA, Virginia Beach City,"Virginia Beach City, Virginia",4,2020-03-16 03:00:00,http://nssac.bii.virginia.edu/covid-19/dashboard/data/nssac-ncov-sd-03-16-2020.csv
Virginia,USA, Prince William,"Prince William, Virginia",3,2020-03-16 03:00:00,http://nssac.bii.virginia.edu/covid-19/dashboard/data/nssac-ncov-sd-03-16-2020.csv
Virginia,USA, Alexandria City,"Alexandria City, Virginia",2,2020-03-16 03:00:00,http://nssac.bii.virginia.edu/covid-19/dashboard/data/nssac-ncov-sd-03-16-2020.csv
Virginia,USA, Harrisonburg,"Harrisonburg, Virginia",1,2020-03-16 03:00:00,http://nssac.bii.virginia.edu/covid-19/dashboard/data/nssac-ncov-sd-03-16-2020.csv
Virginia,USA, Prince Edward,"Prince Edward, Virginia",1,2020-03-16 03:00:00,http://nssac.bii.virginia.edu/covid-19/dashboard/data/nssac-ncov-sd-03-16-2020.csv
Virginia,USA, Hanover,"Hanover, Virginia",1,2020-03-16 03:00:00,http://nssac.bii.virginia.edu/covid-19/dashboard/data/nssac-ncov-sd-03-16-2020.csv
Virginia,USA, Chesterfield,"Chesterfield, Virginia",1,2020-03-16 03:00:00,http://nssac.bii.virginia.edu/covid-19/dashboard/data/nssac-ncov-sd-03-16-2020.csv
Virginia,USA, Spotsylvania,"Spotsylvania, Virginia",1,2020-03-16 03:00:00,http://nssac.bii.virginia.edu/covid-19/dashboard/data/nssac-ncov-sd-03-16-2020.csv
Tennessee,USA,  Davidson,"Davidson, Tennessee",17,2020-03-16 03:00:00,http://nssac.bii.virginia.edu/covid-19/dashboard/data/nssac-ncov-sd-03-16-2020.csv
Tennessee,USA, Williamson,"Williamson, Tennessee",14,2020-03-16 03:00:00,http://nssac.bii.virginia.edu/covid-19/dashboard/data/nssac-ncov-sd-03-16-2020.csv
Tennessee,USA, Shelby,"Shelby, Tennessee",2,2020-03-16 03:00:00,http://nssac.bii.virginia.edu/covid-19/dashboard/data/nssac-ncov-sd-03-16-2020.csv
Tennessee,USA, Campbell,"Campbell, Tennessee",1,2020-03-16 03:00:00,http://nssac.bii.virginia.edu/covid-19/dashboard/data/nssac-ncov-sd-03-16-2020.csv
Tennessee,USA, Rutherford,"Rutherford, Tennessee",1,2020-03-16 03:00:00,http://nssac.bii.virginia.edu/covid-19/dashboard/data/nssac-ncov-sd-03-16-2020.csv
Tennessee,USA, Knox,"Knox, Tennessee",1,2020-03-16 03:00:00,http://nssac.bii.virginia.edu/covid-19/dashboard/data/nssac-ncov-sd-03-16-2020.csv
Tennessee,USA, Hamilton,"Hamilton, Tennessee",1,2020-03-16 03:00:00,http://nssac.bii.virginia.edu/covid-19/dashboard/data/nssac-ncov-sd-03-16-2020.csv
Tennessee,USA, Sullivan,"Sullivan, Tennessee",1,2020-03-16 03:00:00,http://nssac.bii.virginia.edu/covid-19/dashboard/data/nssac-ncov-sd-03-16-2020.csv
Tennessee,USA, Jefferson,"Jefferson, Tennessee",1,2020-03-16 03:00:00,http://nssac.bii.virginia.edu/covid-19/dashboard/data/nssac-ncov-sd-03-16-2020.csv
Oregon,USA,  Washington,"Washington, Oregon",13,2020-03-16 03:00:00,http://nssac.bii.virginia.edu/covid-19/dashboard/data/nssac-ncov-sd-03-16-2020.csv
Oregon,USA, Linn,"Linn, Oregon",10,2020-03-16 03:00:00,http://nssac.bii.virginia.edu/covid-19/dashboard/data/nssac-ncov-sd-03-16-2020.csv
Oregon,USA, Deschutes,"Deschutes, Oregon",4,2020-03-16 03:00:00,http://nssac.bii.virginia.edu/covid-19/dashboard/data/nssac-ncov-sd-03-16-2020.csv
Oregon,USA, Marion,"Marion, Oregon",2,2020-03-16 03:00:00,http://nssac.bii.virginia.edu/covid-19/dashboard/data/nssac-ncov-sd-03-16-2020.csv
Oregon,USA, Jackson,"Jackson, Oregon",2,2020-03-16 03:00:00,http://nssac.bii.virginia.edu/covid-19/dashboard/data/nssac-ncov-sd-03-16-2020.csv
Oregon,USA, Umatilla,"Umatilla, Oregon",2,2020-03-16 03:00:00,http://nssac.bii.virginia.edu/covid-19/dashboard/data/nssac-ncov-sd-03-16-2020.csv
Oregon,USA, Clackamas,"Clackamas, Oregon",1,2020-03-16 03:00:00,http://nssac.bii.virginia.edu/covid-19/dashboard/data/nssac-ncov-sd-03-16-2020.csv
Oregon,USA, Klamath,"Klamath, Oregon",1,2020-03-16 03:00:00,http://nssac.bii.virginia.edu/covid-19/dashboard/data/nssac-ncov-sd-03-16-2020.csv
Oregon,USA, Yamhill,"Yamhill, Oregon",1,2020-03-16 03:00:00,http://nssac.bii.virginia.edu/covid-19/dashboard/data/nssac-ncov-sd-03-16-2020.csv
Oregon,USA, Multnomah,"Multnomah, Oregon",1,2020-03-16 03:00:00,http://nssac.bii.virginia.edu/covid-19/dashboard/data/nssac-ncov-sd-03-16-2020.csv
Oregon,USA, Douglas,"Douglas, Oregon",1,2020-03-16 03:00:00,http://nssac.bii.virginia.edu/covid-19/dashboard/data/nssac-ncov-sd-03-16-2020.csv
Oregon,USA, Polk,"Polk, Oregon",1,2020-03-16 03:00:00,http://nssac.bii.virginia.edu/covid-19/dashboard/data/nssac-ncov-sd-03-16-2020.csv
Ohio,USA,  Cuyahoga,"Cuyahoga, Ohio",14,2020-03-16 03:00:00,http://nssac.bii.virginia.edu/covid-19/dashboard/data/nssac-ncov-sd-03-16-2020.csv
Ohio,USA, Butler,"Butler, Ohio",6,2020-03-16 03:00:00,http://nssac.bii.virginia.edu/covid-19/dashboard/data/nssac-ncov-sd-03-16-2020.csv
Ohio,USA, Stark,"Stark, Ohio",3,2020-03-16 03:00:00,http://nssac.bii.virginia.edu/covid-19/dashboard/data/nssac-ncov-sd-03-16-2020.csv
Ohio,USA, Franklin,"Franklin, Ohio",3,2020-03-16 03:00:00,http://nssac.bii.virginia.edu/covid-19/dashboard/data/nssac-ncov-sd-03-16-2020.csv
Ohio,USA, Trumbull,"Trumbull, Ohio",2,2020-03-16 03:00:00,http://nssac.bii.virginia.edu/covid-19/dashboard/data/nssac-ncov-sd-03-16-2020.csv
Ohio,USA, Summit,"Summit, Ohio",2,2020-03-16 03:00:00,http://nssac.bii.virginia.edu/covid-19/dashboard/data/nssac-ncov-sd-03-16-2020.csv
Ohio,USA, Lorain,"Lorain, Ohio",2,2020-03-16 03:00:00,http://nssac.bii.virginia.edu/covid-19/dashboard/data/nssac-ncov-sd-03-16-2020.csv
Ohio,USA, Belmont,"Belmont, Ohio",2,2020-03-16 03:00:00,http://nssac.bii.virginia.edu/covid-19/dashboard/data/nssac-ncov-sd-03-16-2020.csv
Ohio,USA, Medina,"Medina, Ohio",1,2020-03-16 03:00:00,http://nssac.bii.virginia.edu/covid-19/dashboard/data/nssac-ncov-sd-03-16-2020.csv
Ohio,USA, Tuscarawas,"Tuscarawas, Ohio",1,2020-03-16 03:00:00,http://nssac.bii.virginia.edu/covid-19/dashboard/data/nssac-ncov-sd-03-16-2020.csv
Ohio,USA, Lucas ,"Lucas , Ohio",1,2020-03-16 03:00:00,http://nssac.bii.virginia.edu/covid-19/dashboard/data/nssac-ncov-sd-03-16-2020.csv
Minnesota,USA,  Hennepin,"Hennepin, Minnesota",12,2020-03-16 03:00:00,http://nssac.bii.virginia.edu/covid-19/dashboard/data/nssac-ncov-sd-03-16-2020.csv
Minnesota,USA, Ramsey,"Ramsey, Minnesota",8,2020-03-16 03:00:00,http://nssac.bii.virginia.edu/covid-19/dashboard/data/nssac-ncov-sd-03-16-2020.csv
Minnesota,USA, Dakota,"Dakota, Minnesota",3,2020-03-16 03:00:00,http://nssac.bii.virginia.edu/covid-19/dashboard/data/nssac-ncov-sd-03-16-2020.csv
Minnesota,USA, Stearns,"Stearns, Minnesota",3,2020-03-16 03:00:00,http://nssac.bii.virginia.edu/covid-19/dashboard/data/nssac-ncov-sd-03-16-2020.csv
Minnesota,USA, Olmsted,"Olmsted, Minnesota",2,2020-03-16 03:00:00,http://nssac.bii.virginia.edu/covid-19/dashboard/data/nssac-ncov-sd-03-16-2020.csv
Minnesota,USA, Anoka,"Anoka, Minnesota",2,2020-03-16 03:00:00,http://nssac.bii.virginia.edu/covid-19/dashboard/data/nssac-ncov-sd-03-16-2020.csv
Minnesota,USA, Washington,"Washington, Minnesota",1,2020-03-16 03:00:00,http://nssac.bii.virginia.edu/covid-19/dashboard/data/nssac-ncov-sd-03-16-2020.csv
Minnesota,USA, Renville,"Renville, Minnesota",1,2020-03-16 03:00:00,http://nssac.bii.virginia.edu/covid-19/dashboard/data/nssac-ncov-sd-03-16-2020.csv
Minnesota,USA, Wright,"Wright, Minnesota",1,2020-03-16 03:00:00,http://nssac.bii.virginia.edu/covid-19/dashboard/data/nssac-ncov-sd-03-16-2020.csv
Minnesota,USA, Carver,"Carver, Minnesota",1,2020-03-16 03:00:00,http://nssac.bii.virginia.edu/covid-19/dashboard/data/nssac-ncov-sd-03-16-2020.csv
Minnesota,USA, Waseca,"Waseca, Minnesota",1,2020-03-16 03:00:00,http://nssac.bii.virginia.edu/covid-19/dashboard/data/nssac-ncov-sd-03-16-2020.csv
Maryland,USA,  Montgomery,"Montgomery, Maryland",12,2020-03-16 03:00:00,http://nssac.bii.virginia.edu/covid-19/dashboard/data/nssac-ncov-sd-03-16-2020.csv
Maryland,USA, Prince George's,"Prince George's, Maryland",9,2020-03-16 03:00:00,http://nssac.bii.virginia.edu/covid-19/dashboard/data/nssac-ncov-sd-03-16-2020.csv
Maryland,USA, Baltimore,"Baltimore, Maryland",3,2020-03-16 03:00:00,http://nssac.bii.virginia.edu/covid-19/dashboard/data/nssac-ncov-sd-03-16-2020.csv
Maryland,USA, Baltimore City,"Baltimore City, Maryland",2,2020-03-16 03:00:00,http://nssac.bii.virginia.edu/covid-19/dashboard/data/nssac-ncov-sd-03-16-2020.csv
Maryland,USA, Harford,"Harford, Maryland",2,2020-03-16 03:00:00,http://nssac.bii.virginia.edu/covid-19/dashboard/data/nssac-ncov-sd-03-16-2020.csv
Maryland,USA, Anne Arundel,"Anne Arundel, Maryland",2,2020-03-16 03:00:00,http://nssac.bii.virginia.edu/covid-19/dashboard/data/nssac-ncov-sd-03-16-2020.csv
Maryland,USA, Talbot,"Talbot, Maryland",1,2020-03-16 03:00:00,http://nssac.bii.virginia.edu/covid-19/dashboard/data/nssac-ncov-sd-03-16-2020.csv
Maryland,USA, Charles,"Charles, Maryland",1,2020-03-16 03:00:00,http://nssac.bii.virginia.edu/covid-19/dashboard/data/nssac-ncov-sd-03-16-2020.csv
Maryland,USA, Carroll,"Carroll, Maryland",1,2020-03-16 03:00:00,http://nssac.bii.virginia.edu/covid-19/dashboard/data/nssac-ncov-sd-03-16-2020.csv
Maryland,USA, Howard,"Howard, Maryland",1,2020-03-16 03:00:00,http://nssac.bii.virginia.edu/covid-19/dashboard/data/nssac-ncov-sd-03-16-2020.csv
Wisconsin,USA,  Fond du Lac,"Fond du Lac, Wisconsin",11,2020-03-16 03:00:00,http://nssac.bii.virginia.edu/covid-19/dashboard/data/nssac-ncov-sd-03-16-2020.csv
Wisconsin,USA, Milwaukee,"Milwaukee, Wisconsin",7,2020-03-16 03:00:00,http://nssac.bii.virginia.edu/covid-19/dashboard/data/nssac-ncov-sd-03-16-2020.csv
Wisconsin,USA, Dane,"Dane, Wisconsin",6,2020-03-16 03:00:00,http://nssac.bii.virginia.edu/covid-19/dashboard/data/nssac-ncov-sd-03-16-2020.csv
Wisconsin,USA, Waukesha,"Waukesha, Wisconsin",3,2020-03-16 03:00:00,http://nssac.bii.virginia.edu/covid-19/dashboard/data/nssac-ncov-sd-03-16-2020.csv
Wisconsin,USA, Sheboygan,"Sheboygan, Wisconsin",3,2020-03-16 03:00:00,http://nssac.bii.virginia.edu/covid-19/dashboard/data/nssac-ncov-sd-03-16-2020.csv
Wisconsin,USA, Wood,"Wood, Wisconsin",1,2020-03-16 03:00:00,http://nssac.bii.virginia.edu/covid-19/dashboard/data/nssac-ncov-sd-03-16-2020.csv
Wisconsin,USA, Pierce,"Pierce, Wisconsin",1,2020-03-16 03:00:00,http://nssac.bii.virginia.edu/covid-19/dashboard/data/nssac-ncov-sd-03-16-2020.csv
Wisconsin,USA, Racine,"Racine, Wisconsin",1,2020-03-16 03:00:00,http://nssac.bii.virginia.edu/covid-19/dashboard/data/nssac-ncov-sd-03-16-2020.csv
Wisconsin,USA, Winnebago,"Winnebago, Wisconsin",1,2020-03-16 03:00:00,http://nssac.bii.virginia.edu/covid-19/dashboard/data/nssac-ncov-sd-03-16-2020.csv
North Carolina,USA,  Wake,"Wake, North Carolina",14,2020-03-16 03:00:00,http://nssac.bii.virginia.edu/covid-19/dashboard/data/nssac-ncov-sd-03-16-2020.csv
North Carolina,USA, Mecklenburg,"Mecklenburg, North Carolina",4,2020-03-16 03:00:00,http://nssac.bii.virginia.edu/covid-19/dashboard/data/nssac-ncov-sd-03-16-2020.csv
North Carolina,USA, Johnston,"Johnston, North Carolina",2,2020-03-16 03:00:00,http://nssac.bii.virginia.edu/covid-19/dashboard/data/nssac-ncov-sd-03-16-2020.csv
North Carolina,USA, Harnett,"Harnett, North Carolina",2,2020-03-16 03:00:00,http://nssac.bii.virginia.edu/covid-19/dashboard/data/nssac-ncov-sd-03-16-2020.csv
North Carolina,USA, Forsyth,"Forsyth, North Carolina",2,2020-03-16 03:00:00,http://nssac.bii.virginia.edu/covid-19/dashboard/data/nssac-ncov-sd-03-16-2020.csv
North Carolina,USA, Wayne,"Wayne, North Carolina",1,2020-03-16 03:00:00,http://nssac.bii.virginia.edu/covid-19/dashboard/data/nssac-ncov-sd-03-16-2020.csv
North Carolina,USA, Cabarrus,"Cabarrus, North Carolina",1,2020-03-16 03:00:00,http://nssac.bii.virginia.edu/covid-19/dashboard/data/nssac-ncov-sd-03-16-2020.csv
North Carolina,USA, Durham,"Durham, North Carolina",1,2020-03-16 03:00:00,http://nssac.bii.virginia.edu/covid-19/dashboard/data/nssac-ncov-sd-03-16-2020.csv
North Carolina,USA, Brunswick,"Brunswick, North Carolina",1,2020-03-16 03:00:00,http://nssac.bii.virginia.edu/covid-19/dashboard/data/nssac-ncov-sd-03-16-2020.csv
North Carolina,USA, Chatham,"Chatham, North Carolina",1,2020-03-16 03:00:00,http://nssac.bii.virginia.edu/covid-19/dashboard/data/nssac-ncov-sd-03-16-2020.csv
North Carolina,USA, Onslow,"Onslow, North Carolina",1,2020-03-16 03:00:00,http://nssac.bii.virginia.edu/covid-19/dashboard/data/nssac-ncov-sd-03-16-2020.csv
North Carolina,USA, Wilson,"Wilson, North Carolina",1,2020-03-16 03:00:00,http://nssac.bii.virginia.edu/covid-19/dashboard/data/nssac-ncov-sd-03-16-2020.csv
North Carolina,USA, Craven,"Craven, North Carolina",1,2020-03-16 03:00:00,http://nssac.bii.virginia.edu/covid-19/dashboard/data/nssac-ncov-sd-03-16-2020.csv
North Carolina,USA, Watauga,"Watauga, North Carolina",1,2020-03-16 03:00:00,http://nssac.bii.virginia.edu/covid-19/dashboard/data/nssac-ncov-sd-03-16-2020.csv
South Carolina,USA,  Kershaw,"Kershaw, South Carolina",14,2020-03-16 03:00:00,http://nssac.bii.virginia.edu/covid-19/dashboard/data/nssac-ncov-sd-03-16-2020.csv
South Carolina,USA, Beaufort,"Beaufort, South Carolina",3,2020-03-16 03:00:00,http://nssac.bii.virginia.edu/covid-19/dashboard/data/nssac-ncov-sd-03-16-2020.csv
South Carolina,USA, Horry,"Horry, South Carolina",3,2020-03-16 03:00:00,http://nssac.bii.virginia.edu/covid-19/dashboard/data/nssac-ncov-sd-03-16-2020.csv
South Carolina,USA, Lancaster,"Lancaster, South Carolina",2,2020-03-16 03:00:00,http://nssac.bii.virginia.edu/covid-19/dashboard/data/nssac-ncov-sd-03-16-2020.csv
South Carolina,USA, Anderson ,"Anderson , South Carolina",2,2020-03-16 03:00:00,http://nssac.bii.virginia.edu/covid-19/dashboard/data/nssac-ncov-sd-03-16-2020.csv
South Carolina,USA, Lexington,"Lexington, South Carolina",1,2020-03-16 03:00:00,http://nssac.bii.virginia.edu/covid-19/dashboard/data/nssac-ncov-sd-03-16-2020.csv
South Carolina,USA, Spartanburg ,"Spartanburg , South Carolina",1,2020-03-16 03:00:00,http://nssac.bii.virginia.edu/covid-19/dashboard/data/nssac-ncov-sd-03-16-2020.csv
South Carolina,USA, Charleston,"Charleston, South Carolina",1,2020-03-16 03:00:00,http://nssac.bii.virginia.edu/covid-19/dashboard/data/nssac-ncov-sd-03-16-2020.csv
South Carolina,USA, Greenville,"Greenville, South Carolina",1,2020-03-16 03:00:00,http://nssac.bii.virginia.edu/covid-19/dashboard/data/nssac-ncov-sd-03-16-2020.csv
Utah,USA,  Salt Lake,"Salt Lake, Utah",14,2020-03-16 03:00:00,http://nssac.bii.virginia.edu/covid-19/dashboard/data/nssac-ncov-sd-03-16-2020.csv
Utah,USA, Non-Utah resident,"Non-Utah resident, Utah",7,2020-03-16 03:00:00,http://nssac.bii.virginia.edu/covid-19/dashboard/data/nssac-ncov-sd-03-16-2020.csv
Utah,USA, Davis,"Davis, Utah",3,2020-03-16 03:00:00,http://nssac.bii.virginia.edu/covid-19/dashboard/data/nssac-ncov-sd-03-16-2020.csv
Utah,USA, Summit,"Summit, Utah",2,2020-03-16 03:00:00,http://nssac.bii.virginia.edu/covid-19/dashboard/data/nssac-ncov-sd-03-16-2020.csv
Utah,USA, Southwest Utah,"Southwest Utah, Utah",1,2020-03-16 03:00:00,http://nssac.bii.virginia.edu/covid-19/dashboard/data/nssac-ncov-sd-03-16-2020.csv
Utah,USA, Weber-Morgan,"Weber-Morgan, Utah",1,2020-03-16 03:00:00,http://nssac.bii.virginia.edu/covid-19/dashboard/data/nssac-ncov-sd-03-16-2020.csv
Connecticut,USA,  Fairfield,"Fairfield, Connecticut",16,2020-03-16 03:00:00,http://nssac.bii.virginia.edu/covid-19/dashboard/data/nssac-ncov-sd-03-16-2020.csv
Connecticut,USA, New Haven,"New Haven, Connecticut",4,2020-03-16 03:00:00,http://nssac.bii.virginia.edu/covid-19/dashboard/data/nssac-ncov-sd-03-16-2020.csv
Connecticut,USA, Litchfield,"Litchfield, Connecticut",3,2020-03-16 03:00:00,http://nssac.bii.virginia.edu/covid-19/dashboard/data/nssac-ncov-sd-03-16-2020.csv
Connecticut,USA, Hartford,"Hartford, Connecticut",3,2020-03-16 03:00:00,http://nssac.bii.virginia.edu/covid-19/dashboard/data/nssac-ncov-sd-03-16-2020.csv
Nevada,USA,  Clark,"Clark, Nevada",16,2020-03-16 03:00:00,http://nssac.bii.virginia.edu/covid-19/dashboard/data/nssac-ncov-sd-03-16-2020.csv
Nevada,USA, Washoe,"Washoe, Nevada",9,2020-03-16 03:00:00,http://nssac.bii.virginia.edu/covid-19/dashboard/data/nssac-ncov-sd-03-16-2020.csv
Nevada,USA, Ormsby,"Ormsby, Nevada",1,2020-03-16 03:00:00,http://nssac.bii.virginia.edu/covid-19/dashboard/data/nssac-ncov-sd-03-16-2020.csv
Alabama,USA,  Jefferson,"Jefferson, Alabama",12,2020-03-16 03:00:00,http://nssac.bii.virginia.edu/covid-19/dashboard/data/nssac-ncov-sd-03-16-2020.csv
Alabama,USA, Tuscaloosa,"Tuscaloosa, Alabama",3,2020-03-16 03:00:00,http://nssac.bii.virginia.edu/covid-19/dashboard/data/nssac-ncov-sd-03-16-2020.csv
Alabama,USA, Shelby,"Shelby, Alabama",2,2020-03-16 03:00:00,http://nssac.bii.virginia.edu/covid-19/dashboard/data/nssac-ncov-sd-03-16-2020.csv
Alabama,USA, Elmore,"Elmore, Alabama",1,2020-03-16 03:00:00,http://nssac.bii.virginia.edu/covid-19/dashboard/data/nssac-ncov-sd-03-16-2020.csv
Alabama,USA, Limestone,"Limestone, Alabama",1,2020-03-16 03:00:00,http://nssac.bii.virginia.edu/covid-19/dashboard/data/nssac-ncov-sd-03-16-2020.csv
Alabama,USA, Baldwin,"Baldwin, Alabama",1,2020-03-16 03:00:00,http://nssac.bii.virginia.edu/covid-19/dashboard/data/nssac-ncov-sd-03-16-2020.csv
Alabama,USA, Lee,"Lee, Alabama",1,2020-03-16 03:00:00,http://nssac.bii.virginia.edu/covid-19/dashboard/data/nssac-ncov-sd-03-16-2020.csv
Alabama,USA, Montgomery,"Montgomery, Alabama",1,2020-03-16 03:00:00,http://nssac.bii.virginia.edu/covid-19/dashboard/data/nssac-ncov-sd-03-16-2020.csv
Iowa,USA,  Johnson,"Johnson, Iowa",15,2020-03-16 03:00:00,http://nssac.bii.virginia.edu/covid-19/dashboard/data/nssac-ncov-sd-03-16-2020.csv
Iowa,USA, Allamakee,"Allamakee, Iowa",2,2020-03-16 03:00:00,http://nssac.bii.virginia.edu/covid-19/dashboard/data/nssac-ncov-sd-03-16-2020.csv
Iowa,USA, Harrison,"Harrison, Iowa",1,2020-03-16 03:00:00,http://nssac.bii.virginia.edu/covid-19/dashboard/data/nssac-ncov-sd-03-16-2020.csv
Iowa,USA, Pottawattamie,"Pottawattamie, Iowa",1,2020-03-16 03:00:00,http://nssac.bii.virginia.edu/covid-19/dashboard/data/nssac-ncov-sd-03-16-2020.csv
Iowa,USA, Dallas,"Dallas, Iowa",1,2020-03-16 03:00:00,http://nssac.bii.virginia.edu/covid-19/dashboard/data/nssac-ncov-sd-03-16-2020.csv
Iowa,USA, Polk,"Polk, Iowa",1,2020-03-16 03:00:00,http://nssac.bii.virginia.edu/covid-19/dashboard/data/nssac-ncov-sd-03-16-2020.csv
Iowa,USA, Carroll,"Carroll, Iowa",1,2020-03-16 03:00:00,http://nssac.bii.virginia.edu/covid-19/dashboard/data/nssac-ncov-sd-03-16-2020.csv
Indiana,USA,  Marion,"Marion, Indiana",6,2020-03-16 03:00:00,http://nssac.bii.virginia.edu/covid-19/dashboard/data/nssac-ncov-sd-03-16-2020.csv
Indiana,USA, Johnson,"Johnson, Indiana",3,2020-03-16 03:00:00,http://nssac.bii.virginia.edu/covid-19/dashboard/data/nssac-ncov-sd-03-16-2020.csv
Indiana,USA, Hendricks,"Hendricks, Indiana",2,2020-03-16 03:00:00,http://nssac.bii.virginia.edu/covid-19/dashboard/data/nssac-ncov-sd-03-16-2020.csv
Indiana,USA, Wells,"Wells, Indiana",1,2020-03-16 03:00:00,http://nssac.bii.virginia.edu/covid-19/dashboard/data/nssac-ncov-sd-03-16-2020.csv
Indiana,USA, Adams,"Adams, Indiana",1,2020-03-16 03:00:00,http://nssac.bii.virginia.edu/covid-19/dashboard/data/nssac-ncov-sd-03-16-2020.csv
Indiana,USA, Boone,"Boone, Indiana",1,2020-03-16 03:00:00,http://nssac.bii.virginia.edu/covid-19/dashboard/data/nssac-ncov-sd-03-16-2020.csv
Indiana,USA, Floyd,"Floyd, Indiana",1,2020-03-16 03:00:00,http://nssac.bii.virginia.edu/covid-19/dashboard/data/nssac-ncov-sd-03-16-2020.csv
Indiana,USA, Hamilton,"Hamilton, Indiana",1,2020-03-16 03:00:00,http://nssac.bii.virginia.edu/covid-19/dashboard/data/nssac-ncov-sd-03-16-2020.csv
Indiana,USA, Noble,"Noble, Indiana",1,2020-03-16 03:00:00,http://nssac.bii.virginia.edu/covid-19/dashboard/data/nssac-ncov-sd-03-16-2020.csv
Indiana,USA, Hancock,"Hancock, Indiana",1,2020-03-16 03:00:00,http://nssac.bii.virginia.edu/covid-19/dashboard/data/nssac-ncov-sd-03-16-2020.csv
Indiana,USA, St. Joseph,"St. Joseph, Indiana",1,2020-03-16 03:00:00,http://nssac.bii.virginia.edu/covid-19/dashboard/data/nssac-ncov-sd-03-16-2020.csv
Indiana,USA, Howard,"Howard, Indiana",1,2020-03-16 03:00:00,http://nssac.bii.virginia.edu/covid-19/dashboard/data/nssac-ncov-sd-03-16-2020.csv
Indiana,USA, LaPorte,"LaPorte, Indiana",1,2020-03-16 03:00:00,http://nssac.bii.virginia.edu/covid-19/dashboard/data/nssac-ncov-sd-03-16-2020.csv
Kentucky,USA,  Harrison,"Harrison, Kentucky",6,2020-03-16 03:00:00,http://nssac.bii.virginia.edu/covid-19/dashboard/data/nssac-ncov-sd-03-16-2020.csv
Kentucky,USA, Jefferson,"Jefferson, Kentucky",6,2020-03-16 03:00:00,http://nssac.bii.virginia.edu/covid-19/dashboard/data/nssac-ncov-sd-03-16-2020.csv
Kentucky,USA, Fayette,"Fayette, Kentucky",5,2020-03-16 03:00:00,http://nssac.bii.virginia.edu/covid-19/dashboard/data/nssac-ncov-sd-03-16-2020.csv
Kentucky,USA, Montgomery,"Montgomery, Kentucky",2,2020-03-16 03:00:00,http://nssac.bii.virginia.edu/covid-19/dashboard/data/nssac-ncov-sd-03-16-2020.csv
Kentucky,USA, Clark,"Clark, Kentucky",1,2020-03-16 03:00:00,http://nssac.bii.virginia.edu/covid-19/dashboard/data/nssac-ncov-sd-03-16-2020.csv
Kentucky,USA, Nelson,"Nelson, Kentucky",1,2020-03-16 03:00:00,http://nssac.bii.virginia.edu/covid-19/dashboard/data/nssac-ncov-sd-03-16-2020.csv
Grand Princess,USA,  unknown,"unknown, Grand Princess",19,2020-03-16 03:00:00,http://nssac.bii.virginia.edu/covid-19/dashboard/data/nssac-ncov-sd-03-16-2020.csv
Grand Princess,USA, San Diego,"San Diego, Grand Princess",1,2020-03-16 03:00:00,http://nssac.bii.virginia.edu/covid-19/dashboard/data/nssac-ncov-sd-03-16-2020.csv
Rhode Island,USA,  Providence,"Providence, Rhode Island",20,2020-03-16 03:00:00,http://nssac.bii.virginia.edu/covid-19/dashboard/data/nssac-ncov-sd-03-16-2020.csv
Nebraska,USA,  Douglas,"Douglas, Nebraska",16,2020-03-16 03:00:00,http://nssac.bii.virginia.edu/covid-19/dashboard/data/nssac-ncov-sd-03-16-2020.csv
Nebraska,USA, Cass,"Cass, Nebraska",1,2020-03-16 03:00:00,http://nssac.bii.virginia.edu/covid-19/dashboard/data/nssac-ncov-sd-03-16-2020.csv
Nebraska,USA, Knox,"Knox, Nebraska",1,2020-03-16 03:00:00,http://nssac.bii.virginia.edu/covid-19/dashboard/data/nssac-ncov-sd-03-16-2020.csv
New Mexico,USA,  Bernalillo,"Bernalillo, New Mexico",10,2020-03-16 03:00:00,http://nssac.bii.virginia.edu/covid-19/dashboard/data/nssac-ncov-sd-03-16-2020.csv
New Mexico,USA, Santa Fe,"Santa Fe, New Mexico",3,2020-03-16 03:00:00,http://nssac.bii.virginia.edu/covid-19/dashboard/data/nssac-ncov-sd-03-16-2020.csv
New Mexico,USA, Sandoval,"Sandoval, New Mexico",2,2020-03-16 03:00:00,http://nssac.bii.virginia.edu/covid-19/dashboard/data/nssac-ncov-sd-03-16-2020.csv
New Mexico,USA, Socorro,"Socorro, New Mexico",2,2020-03-16 03:00:00,http://nssac.bii.virginia.edu/covid-19/dashboard/data/nssac-ncov-sd-03-16-2020.csv
District of Columbia,USA,  Washington D.C.,"District of Columbia, District of Columbia",17,2020-03-16 03:00:00,http://nssac.bii.virginia.edu/covid-19/dashboard/data/nssac-ncov-sd-03-16-2020.csv
Arkansas,USA,  ,", Arkansas",9,2020-03-16 03:00:00,http://nssac.bii.virginia.edu/covid-19/dashboard/data/nssac-ncov-sd-03-16-2020.csv
Arkansas,USA, unknown,"unknown, Arkansas",4,2020-03-16 03:00:00,http://nssac.bii.virginia.edu/covid-19/dashboard/data/nssac-ncov-sd-03-16-2020.csv
Arkansas,USA, Jefferson,"Jefferson, Arkansas",3,2020-03-16 03:00:00,http://nssac.bii.virginia.edu/covid-19/dashboard/data/nssac-ncov-sd-03-16-2020.csv
Arizona,USA,  Pinal,"Pinal, Arizona",5,2020-03-16 03:00:00,http://nssac.bii.virginia.edu/covid-19/dashboard/data/nssac-ncov-sd-03-16-2020.csv
Arizona,USA, Maricopa,"Maricopa, Arizona",4,2020-03-16 03:00:00,http://nssac.bii.virginia.edu/covid-19/dashboard/data/nssac-ncov-sd-03-16-2020.csv
Arizona,USA, Pima,"Pima, Arizona",3,2020-03-16 03:00:00,http://nssac.bii.virginia.edu/covid-19/dashboard/data/nssac-ncov-sd-03-16-2020.csv
Arizona,USA, Graham,"Graham, Arizona",1,2020-03-16 03:00:00,http://nssac.bii.virginia.edu/covid-19/dashboard/data/nssac-ncov-sd-03-16-2020.csv
New Hampshire,USA,  Rockingham,"Rockingham, New Hampshire",9,2020-03-16 03:00:00,http://nssac.bii.virginia.edu/covid-19/dashboard/data/nssac-ncov-sd-03-16-2020.csv
New Hampshire,USA, Grafton,"Grafton, New Hampshire",3,2020-03-16 03:00:00,http://nssac.bii.virginia.edu/covid-19/dashboard/data/nssac-ncov-sd-03-16-2020.csv
New Hampshire,USA, Hillsborough,"Hillsborough, New Hampshire",1,2020-03-16 03:00:00,http://nssac.bii.virginia.edu/covid-19/dashboard/data/nssac-ncov-sd-03-16-2020.csv
Maine,USA,  ,", Maine",5,2020-03-16 03:00:00,http://nssac.bii.virginia.edu/covid-19/dashboard/data/nssac-ncov-sd-03-16-2020.csv
Maine,USA, Cumberland,"Cumberland, Maine",5,2020-03-16 03:00:00,http://nssac.bii.virginia.edu/covid-19/dashboard/data/nssac-ncov-sd-03-16-2020.csv
Maine,USA, Lincoln,"Lincoln, Maine",1,2020-03-16 03:00:00,http://nssac.bii.virginia.edu/covid-19/dashboard/data/nssac-ncov-sd-03-16-2020.csv
Maine,USA, Androscoggin,"Androscoggin, Maine",1,2020-03-16 03:00:00,http://nssac.bii.virginia.edu/covid-19/dashboard/data/nssac-ncov-sd-03-16-2020.csv
Mississippi,USA,  ,", Mississippi",4,2020-03-16 03:00:00,http://nssac.bii.virginia.edu/covid-19/dashboard/data/nssac-ncov-sd-03-16-2020.csv
Mississippi,USA, Forrest,"Forrest, Mississippi",3,2020-03-16 03:00:00,http://nssac.bii.virginia.edu/covid-19/dashboard/data/nssac-ncov-sd-03-16-2020.csv
Mississippi,USA, Pearl River,"Pearl River, Mississippi",1,2020-03-16 03:00:00,http://nssac.bii.virginia.edu/covid-19/dashboard/data/nssac-ncov-sd-03-16-2020.csv
Mississippi,USA, Leflore,"Leflore, Mississippi",1,2020-03-16 03:00:00,http://nssac.bii.virginia.edu/covid-19/dashboard/data/nssac-ncov-sd-03-16-2020.csv
Mississippi,USA, Copiah ,"Copiah , Mississippi",1,2020-03-16 03:00:00,http://nssac.bii.virginia.edu/covid-19/dashboard/data/nssac-ncov-sd-03-16-2020.csv
South Dakota,USA,  Minnehaha,"Minnehaha, South Dakota",3,2020-03-16 03:00:00,http://nssac.bii.virginia.edu/covid-19/dashboard/data/nssac-ncov-sd-03-16-2020.csv
South Dakota,USA, Davidson,"Davidson, South Dakota",1,2020-03-16 03:00:00,http://nssac.bii.virginia.edu/covid-19/dashboard/data/nssac-ncov-sd-03-16-2020.csv
South Dakota,USA, McCook,"McCook, South Dakota",1,2020-03-16 03:00:00,http://nssac.bii.virginia.edu/covid-19/dashboard/data/nssac-ncov-sd-03-16-2020.csv
South Dakota,USA, Charles Mix,"Charles Mix, South Dakota",1,2020-03-16 03:00:00,http://nssac.bii.virginia.edu/covid-19/dashboard/data/nssac-ncov-sd-03-16-2020.csv
South Dakota,USA, Beadle,"Beadle, South Dakota",1,2020-03-16 03:00:00,http://nssac.bii.virginia.edu/covid-19/dashboard/data/nssac-ncov-sd-03-16-2020.csv
South Dakota,USA, Bon Homme,"Bon Homme, South Dakota",1,2020-03-16 03:00:00,http://nssac.bii.virginia.edu/covid-19/dashboard/data/nssac-ncov-sd-03-16-2020.csv
South Dakota,USA, Pennington,"Pennington, South Dakota",1,2020-03-16 03:00:00,http://nssac.bii.virginia.edu/covid-19/dashboard/data/nssac-ncov-sd-03-16-2020.csv
Kansas,USA,  Johnson,"Johnson, Kansas",6,2020-03-16 03:00:00,http://nssac.bii.virginia.edu/covid-19/dashboard/data/nssac-ncov-sd-03-16-2020.csv
Kansas,USA, Butler,"Butler, Kansas",1,2020-03-16 03:00:00,http://nssac.bii.virginia.edu/covid-19/dashboard/data/nssac-ncov-sd-03-16-2020.csv
Kansas,USA, Franklin,"Franklin, Kansas",1,2020-03-16 03:00:00,http://nssac.bii.virginia.edu/covid-19/dashboard/data/nssac-ncov-sd-03-16-2020.csv
Kansas,USA, Wyandotte,"Wyandotte, Kansas",1,2020-03-16 03:00:00,http://nssac.bii.virginia.edu/covid-19/dashboard/data/nssac-ncov-sd-03-16-2020.csv
Vermont,USA,  Windsor,"Windsor, Vermont",3,2020-03-16 03:00:00,http://nssac.bii.virginia.edu/covid-19/dashboard/data/nssac-ncov-sd-03-16-2020.csv
Vermont,USA, Bennington,"Bennington, Vermont",2,2020-03-16 03:00:00,http://nssac.bii.virginia.edu/covid-19/dashboard/data/nssac-ncov-sd-03-16-2020.csv
Vermont,USA, Chittenden,"Chittenden, Vermont",2,2020-03-16 03:00:00,http://nssac.bii.virginia.edu/covid-19/dashboard/data/nssac-ncov-sd-03-16-2020.csv
Vermont,USA, Washington,"Washington, Vermont",1,2020-03-16 03:00:00,http://nssac.bii.virginia.edu/covid-19/dashboard/data/nssac-ncov-sd-03-16-2020.csv
Delaware,USA,  New Castle,"New Castle, Delaware",7,2020-03-16 03:00:00,http://nssac.bii.virginia.edu/covid-19/dashboard/data/nssac-ncov-sd-03-16-2020.csv
Montana,USA,  Missoula,"Missoula, Montana",2,2020-03-16 03:00:00,http://nssac.bii.virginia.edu/covid-19/dashboard/data/nssac-ncov-sd-03-16-2020.csv
Montana,USA, Lewis and Clark,"Lewis and Clark, Montana",1,2020-03-16 03:00:00,http://nssac.bii.virginia.edu/covid-19/dashboard/data/nssac-ncov-sd-03-16-2020.csv
Montana,USA, Yellowstone,"Yellowstone, Montana",1,2020-03-16 03:00:00,http://nssac.bii.virginia.edu/covid-19/dashboard/data/nssac-ncov-sd-03-16-2020.csv
Montana,USA, Gallatin,"Gallatin, Montana",1,2020-03-16 03:00:00,http://nssac.bii.virginia.edu/covid-19/dashboard/data/nssac-ncov-sd-03-16-2020.csv
Montana,USA, Silver Bow,"Silver Bow, Montana",1,2020-03-16 03:00:00,http://nssac.bii.virginia.edu/covid-19/dashboard/data/nssac-ncov-sd-03-16-2020.csv
Montana,USA, unknown,"unknown, Montana",1,2020-03-16 03:00:00,http://nssac.bii.virginia.edu/covid-19/dashboard/data/nssac-ncov-sd-03-16-2020.csv
Oklahoma,USA,  Tulsa,"Tulsa, Oklahoma",3,2020-03-16 03:00:00,http://nssac.bii.virginia.edu/covid-19/dashboard/data/nssac-ncov-sd-03-16-2020.csv
Oklahoma,USA, Cleveland,"Cleveland, Oklahoma",1,2020-03-16 03:00:00,http://nssac.bii.virginia.edu/covid-19/dashboard/data/nssac-ncov-sd-03-16-2020.csv
Oklahoma,USA, Payne,"Payne, Oklahoma",1,2020-03-16 03:00:00,http://nssac.bii.virginia.edu/covid-19/dashboard/data/nssac-ncov-sd-03-16-2020.csv
Oklahoma,USA, Jackson,"Jackson, Oklahoma",1,2020-03-16 03:00:00,http://nssac.bii.virginia.edu/covid-19/dashboard/data/nssac-ncov-sd-03-16-2020.csv
Oklahoma,USA, Oklahoma,"Oklahoma, Oklahoma",1,2020-03-16 03:00:00,http://nssac.bii.virginia.edu/covid-19/dashboard/data/nssac-ncov-sd-03-16-2020.csv
Hawaii,USA,  Honolulu,"Honolulu, Hawaii",4,2020-03-16 03:00:00,http://nssac.bii.virginia.edu/covid-19/dashboard/data/nssac-ncov-sd-03-16-2020.csv
Hawaii,USA, Kauai,"Kauai, Hawaii",2,2020-03-16 03:00:00,http://nssac.bii.virginia.edu/covid-19/dashboard/data/nssac-ncov-sd-03-16-2020.csv
Hawaii,USA, Maui,"Maui, Hawaii",1,2020-03-16 03:00:00,http://nssac.bii.virginia.edu/covid-19/dashboard/data/nssac-ncov-sd-03-16-2020.csv
Idaho,USA,  Ada,"Ada, Idaho",2,2020-03-16 03:00:00,http://nssac.bii.virginia.edu/covid-19/dashboard/data/nssac-ncov-sd-03-16-2020.csv
Idaho,USA, Unknown,"Unknown, Idaho",1,2020-03-16 03:00:00,http://nssac.bii.virginia.edu/covid-19/dashboard/data/nssac-ncov-sd-03-16-2020.csv
Idaho,USA, Blaine ,"Blaine , Idaho",1,2020-03-16 03:00:00,http://nssac.bii.virginia.edu/covid-19/dashboard/data/nssac-ncov-sd-03-16-2020.csv
Idaho,USA, Teton,"Teton, Idaho",1,2020-03-16 03:00:00,http://nssac.bii.virginia.edu/covid-19/dashboard/data/nssac-ncov-sd-03-16-2020.csv
Missouri,USA,  Greene,"Greene, Missouri",2,2020-03-16 03:00:00,http://nssac.bii.virginia.edu/covid-19/dashboard/data/nssac-ncov-sd-03-16-2020.csv
Missouri,USA, St. Louis,"St. Louis, Missouri",2,2020-03-16 03:00:00,http://nssac.bii.virginia.edu/covid-19/dashboard/data/nssac-ncov-sd-03-16-2020.csv
Missouri,USA, Henry,"Henry, Missouri",1,2020-03-16 03:00:00,http://nssac.bii.virginia.edu/covid-19/dashboard/data/nssac-ncov-sd-03-16-2020.csv
Puerto Rico,USA,  Puerto Rico,"Puerto Rico, Puerto Rico",5,2020-03-16 03:00:00,http://nssac.bii.virginia.edu/covid-19/dashboard/data/nssac-ncov-sd-03-16-2020.csv
Guam,USA,  ,", Guam",3,2020-03-16 03:00:00,http://nssac.bii.virginia.edu/covid-19/dashboard/data/nssac-ncov-sd-03-16-2020.csv
Wuhan Evacuee,USA,  ,", Wuhan Evacuee",3,2020-03-16 03:00:00,http://nssac.bii.virginia.edu/covid-19/dashboard/data/nssac-ncov-sd-03-16-2020.csv
Wyoming,USA,  Sheridan County,"Sheridan County, Wyoming",1,2020-03-16 03:00:00,http://nssac.bii.virginia.edu/covid-19/dashboard/data/nssac-ncov-sd-03-16-2020.csv
Wyoming,USA, Sheridan,"Sheridan, Wyoming",1,2020-03-16 03:00:00,http://nssac.bii.virginia.edu/covid-19/dashboard/data/nssac-ncov-sd-03-16-2020.csv
Wyoming,USA, Fremont,"Fremont, Wyoming",1,2020-03-16 03:00:00,http://nssac.bii.virginia.edu/covid-19/dashboard/data/nssac-ncov-sd-03-16-2020.csv
North Dakota,USA,  Ward,"Ward, North Dakota",1,2020-03-16 03:00:00,http://nssac.bii.virginia.edu/covid-19/dashboard/data/nssac-ncov-sd-03-16-2020.csv
USVI,USA,USVI,USVI,1,2020-03-16 03:00:00,http://nssac.bii.virginia.edu/covid-19/dashboard/data/nssac-ncov-sd-03-16-2020.csv
Alaska,USA,  Anchorage,"Anchorage, Alaska",1,2020-03-16 03:00:00,http://nssac.bii.virginia.edu/covid-19/dashboard/data/nssac-ncov-sd-03-16-2020.csv
